,BNP.AUDCAD - AUD/CAD_x,BNP.AUDCHF - AUD/CHF_x,BNP.AUDHKD - AUD/HKD_x,BNP.AUDJPY - AUD/JPY_x,BNP.AUDNZD - AUD/NZD_x,BNP.AUDSGD - AUD/SGD_x,BNP.AUDUSD - AUD/USD_x,BNP.EURAUD - EUR/AUD_x,BNP.EURUSD - EUR/USD_x,BNP.GBPAUD - GBP/AUD_x,BNP.GBPUSD - GBP/USD_x,BNP.NZDUSD - NZD/USD_x,BNP.USDCAD - USD/CAD_x,BNP.USDCHF - USD/CHF_x,BNP.USDCNH - USD/CNH_x,BNP.USDCZK - USD/CZK_x,BNP.USDDKK - USD/DKK_x,BNP.USDHKD - USD/HKD_x,BNP.USDHUF - USD/HUF_x,BNP.USDJPY - USD/JPY_x,BNP.USDMXN - USD/MXN_x,BNP.USDNOK - USD/NOK_x,BNP.USDPLN - USD/PLN_x,BNP.USDSAR - USD/SAR_x,BNP.USDSEK - USD/SEK_x,BNP.USDSGD - USD/SGD_x,BNP.USDTHB - USD/THB_x,BNP.USDTRY - USD/TRY_x,BNP.USDZAR - USD/ZAR_x
1512583,0.16780874559246287,0.02522832246139773,-0.005202274112707582,0.47863598985993655,-0.022733649467412586,0.03377897975942076,0.1430948500051341,-0.04629484600222445,0.15138930602783215,-0.014061773261620723,0.008078187849918895,0.0651934988986349,-0.0859928261412737,0.0006536631214759869,-0.0022651359744181227,0.030356666523228257,-0.0179676762576092,-0.005899590214978746,0.018070762593547444,0.029315758940573956,-0.009970363564739697,-0.02508141202374712,-0.006770451268715603,-0.0012338911182980725,0.0067919809619767365,-0.09961751462719887,0.011205329402987053,-0.0026803687659301724,0.002128138974106678
