,BNP.AUDCAD - AUD/CAD_x,BNP.AUDCHF - AUD/CHF_x,BNP.AUDHKD - AUD/HKD_x,BNP.AUDJPY - AUD/JPY_x,BNP.AUDNZD - AUD/NZD_x,BNP.AUDSGD - AUD/SGD_x,BNP.AUDUSD - AUD/USD_x,BNP.EURAUD - EUR/AUD_x,BNP.EURUSD - EUR/USD_x,BNP.GBPAUD - GBP/AUD_x,BNP.GBPUSD - GBP/USD_x,BNP.NZDUSD - NZD/USD_x,BNP.USDCAD - USD/CAD_x,BNP.USDCHF - USD/CHF_x,BNP.USDCNH - USD/CNH_x,BNP.USDCZK - USD/CZK_x,BNP.USDDKK - USD/DKK_x,BNP.USDHKD - USD/HKD_x,BNP.USDHUF - USD/HUF_x,BNP.USDJPY - USD/JPY_x,BNP.USDMXN - USD/MXN_x,BNP.USDNOK - USD/NOK_x,BNP.USDPLN - USD/PLN_x,BNP.USDSAR - USD/SAR_x,BNP.USDSEK - USD/SEK_x,BNP.USDSGD - USD/SGD_x,BNP.USDTHB - USD/THB_x,BNP.USDTRY - USD/TRY_x,BNP.USDZAR - USD/ZAR_x
51000,0.12415960655937652,0.028889857928423468,0.07008002878196146,0.5599362533999863,0.09103909058540073,0.036025900376224336,0.13827643740203072,-0.009544714216095072,0.03650002340164497,0.032242286466384516,-0.004017784381362585,0.05768633018205883,-0.07014558965867597,-0.04791865214414049,-0.010780098756394402,0.00997290422618329,0.0181517347082804,-0.00839504006781402,0.003474700541267957,-0.05526679135645697,-0.007590840466140288,-0.0029225805151435608,-0.023483627700082586,-0.0018725895442233825,-0.008863240739029386,-0.06620034896132866,-0.013745079048245368,0.03349996065586272,-0.03421580380581711
134942,0.0807500853482288,0.018033921224735946,0.05286174752988503,0.6273352354874692,0.18689471419520426,0.025531516567125212,0.09029089594920527,0.028741258683400283,0.007938722301574757,0.13819546385718612,-0.07181417722691939,0.03710816024137444,-0.05102771772163601,-0.03837291486622275,-0.015193593613219517,0.011891484700179127,0.02717643323572832,-0.010399457678788367,-0.002977020298851621,-0.13592025591765494,-0.012953752991488115,-0.014235145416602701,-0.025374191265752723,-0.00022491703859678022,0.007478236836256765,-0.040728545820397595,-0.010580589306548508,0.023064581336455146,-0.011426444768159854
