,BNP.AUDUSD - AUD/USD_x,BNP.EURGBP - EUR/GBP_x,BNP.EURUSD - EUR/USD_x,BNP.GBPAUD - GBP/AUD_x,BNP.GBPCAD - GBP/CAD_x,BNP.GBPCHF - GBP/CHF_x,BNP.GBPHKD - GBP/HKD_x,BNP.GBPJPY - GBP/JPY_x,BNP.GBPNZD - GBP/NZD_x,BNP.GBPPLN - GBP/PLN_x,BNP.GBPSGD - GBP/SGD_x,BNP.GBPUSD - GBP/USD_x,BNP.GBPZAR - GBP/ZAR_x,BNP.NZDUSD - NZD/USD_x,BNP.USDCAD - USD/CAD_x,BNP.USDCHF - USD/CHF_x,BNP.USDCNH - USD/CNH_x,BNP.USDCZK - USD/CZK_x,BNP.USDDKK - USD/DKK_x,BNP.USDHKD - USD/HKD_x,BNP.USDHUF - USD/HUF_x,BNP.USDJPY - USD/JPY_x,BNP.USDMXN - USD/MXN_x,BNP.USDNOK - USD/NOK_x,BNP.USDPLN - USD/PLN_x,BNP.USDSAR - USD/SAR_x,BNP.USDSEK - USD/SEK_x,BNP.USDSGD - USD/SGD_x,BNP.USDTHB - USD/THB_x,BNP.USDTRY - USD/TRY_x,BNP.USDZAR - USD/ZAR_x
198579,0.07023296569766242,0.0808130031373634,-0.26102971798776,0.18783269971296154,0.04880122184102324,0.0676952545882651,0.018044032205814794,0.8130886749064268,-0.04511263578259305,0.09742029787523392,-0.0029580757308940034,0.007546752439475141,-0.08508943773517356,0.06454213709155857,-0.10969860364858569,-0.01825588894523905,-0.0026256555606986873,-0.016444669704270897,-0.08624811199325895,-0.012785672991107265,-0.06738078496902086,0.04708511804943518,0.004391766153900937,0.01737901896644634,0.011849325012886975,0.009089040748881965,0.01620206677298179,-0.003192687955398463,0.006987398797999442,-0.01752226524830697,0.09583437361638773
