,BNP.AUDUSD - AUD/USD_x,BNP.EURGBP - EUR/GBP_x,BNP.EURUSD - EUR/USD_x,BNP.GBPAUD - GBP/AUD_x,BNP.GBPCAD - GBP/CAD_x,BNP.GBPCHF - GBP/CHF_x,BNP.GBPHKD - GBP/HKD_x,BNP.GBPJPY - GBP/JPY_x,BNP.GBPNZD - GBP/NZD_x,BNP.GBPPLN - GBP/PLN_x,BNP.GBPSGD - GBP/SGD_x,BNP.GBPUSD - GBP/USD_x,BNP.GBPZAR - GBP/ZAR_x,BNP.NZDUSD - NZD/USD_x,BNP.USDCAD - USD/CAD_x,BNP.USDCHF - USD/CHF_x,BNP.USDCNH - USD/CNH_x,BNP.USDCZK - USD/CZK_x,BNP.USDDKK - USD/DKK_x,BNP.USDHKD - USD/HKD_x,BNP.USDHUF - USD/HUF_x,BNP.USDJPY - USD/JPY_x,BNP.USDMXN - USD/MXN_x,BNP.USDNOK - USD/NOK_x,BNP.USDPLN - USD/PLN_x,BNP.USDSAR - USD/SAR_x,BNP.USDSEK - USD/SEK_x,BNP.USDSGD - USD/SGD_x,BNP.USDTHB - USD/THB_x,BNP.USDTRY - USD/TRY_x,BNP.USDZAR - USD/ZAR_x
502259,0.34245170736983627,0.2059326246819552,-0.3831123391524796,0.09930195888940366,0.19092191189452223,-0.04439275392940817,0.010802714563727897,0.8605863494643702,-0.23849550206142453,-0.12264838072567882,-0.21174216698836557,0.0713907638778117,0.10869649464292883,-0.16866799144527264,0.0874199310249076,-0.026058286324248486,-0.023244704550404685,-0.06346967209972507,-0.42312313747028385,-0.0002214457539549864,0.023812855936782416,0.2777629931050005,0.008802266258144932,-0.01717355081634054,0.2926664219229932,-0.007980676775181045,0.026612653294122317,-0.11541534593940687,0.047987171543644985,0.008632896878893829,-0.17078525154765087
