,BNP.AUDNZD - AUD/NZD_x,BNP.AUDUSD - AUD/USD_x,BNP.EURNZD - EUR/NZD_x,BNP.EURUSD - EUR/USD_x,BNP.GBPNZD - GBP/NZD_x,BNP.GBPUSD - GBP/USD_x,BNP.NZDCAD - NZD/CAD_x,BNP.NZDCHF - NZD/CHF_x,BNP.NZDHKD - NZD/HKD_x,BNP.NZDJPY - NZD/JPY_x,BNP.NZDSGD - NZD/SGD_x,BNP.NZDUSD - NZD/USD_x,BNP.USDCAD - USD/CAD_x,BNP.USDCHF - USD/CHF_x,BNP.USDCNH - USD/CNH_x,BNP.USDCZK - USD/CZK_x,BNP.USDDKK - USD/DKK_x,BNP.USDHKD - USD/HKD_x,BNP.USDHUF - USD/HUF_x,BNP.USDJPY - USD/JPY_x,BNP.USDMXN - USD/MXN_x,BNP.USDNOK - USD/NOK_x,BNP.USDPLN - USD/PLN_x,BNP.USDSAR - USD/SAR_x,BNP.USDSEK - USD/SEK_x,BNP.USDSGD - USD/SGD_x,BNP.USDTHB - USD/THB_x,BNP.USDTRY - USD/TRY_x,BNP.USDZAR - USD/ZAR_x
235441,0.1422305021899789,-0.13558600311619448,0.4391129088957203,-0.11940815076746245,0.3131536441792363,-0.1281823094985913,0.09311547039102433,0.11839964968165012,0.027128704558430004,0.09415403197058066,0.12780704690456854,-0.013346193476671696,-0.12479685418712005,-0.08675533943398796,-6.616568912742085e-05,-0.07554073172491964,0.20186323430114755,-0.01251241807711694,-0.027590496807142897,-0.129616223619079,0.012576053793099869,0.026954601352182188,0.025672827927707285,-0.0018063991057332407,0.0018744947754029645,0.16064655273235934,-0.10379932259692844,0.01826902921417396,0.018384446598925044
249018,0.1974488762995754,-0.0701717671215434,0.2596905997065273,0.041789517603509956,0.1738797463811854,-0.03248268547491249,0.041848803306254574,0.22344918672842812,0.14073347665555927,0.14856772733262086,0.2169956259505913,-0.05067748443677849,-0.2908245729489896,-0.2609969366731939,0.046543281135637785,-0.08827993325534288,0.21502670263617685,-0.0054806873327555615,-0.052143578032522425,-0.2256936846412076,0.005384316273916633,0.009616306591797163,0.021750753291016212,-0.007122349450103306,0.02305859632513262,0.12542816576399837,-0.09708105958729597,0.1046164247740782,-0.009979116615773722
