,BNP.AUDCAD - AUD/CAD_x,BNP.AUDUSD - AUD/USD_x,BNP.CADCHF - CAD/CHF_x,BNP.CADHKD - CAD/HKD_x,BNP.CADJPY - CAD/JPY_x,BNP.CADSGD - CAD/SGD_x,BNP.EURCAD - EUR/CAD_x,BNP.EURUSD - EUR/USD_x,BNP.GBPCAD - GBP/CAD_x,BNP.GBPUSD - GBP/USD_x,BNP.NZDCAD - NZD/CAD_x,BNP.NZDUSD - NZD/USD_x,BNP.USDCAD - USD/CAD_x,BNP.USDCHF - USD/CHF_x,BNP.USDCNH - USD/CNH_x,BNP.USDCZK - USD/CZK_x,BNP.USDDKK - USD/DKK_x,BNP.USDHKD - USD/HKD_x,BNP.USDHUF - USD/HUF_x,BNP.USDJPY - USD/JPY_x,BNP.USDMXN - USD/MXN_x,BNP.USDNOK - USD/NOK_x,BNP.USDPLN - USD/PLN_x,BNP.USDSAR - USD/SAR_x,BNP.USDSEK - USD/SEK_x,BNP.USDSGD - USD/SGD_x,BNP.USDTHB - USD/THB_x,BNP.USDTRY - USD/TRY_x,BNP.USDZAR - USD/ZAR_x
55394,0.28362431978846264,0.020308209255404858,-0.0653830853867251,-0.1720380183801987,0.09180083992278347,-0.1708817510545843,0.08328505048102483,0.1529799787749652,0.026231203316289958,0.04599605816037329,-0.012918157587496648,0.1905948332441364,-0.2158370629461395,0.39948990205679974,-0.003527315389880294,-0.007806649881628267,0.059834892121999196,-0.009148335450931933,0.02139176089725234,0.11802479929443613,0.02606698382182269,0.002469689855475314,-0.002047835587770513,-0.0022523499566273336,0.01934934974532201,0.008444202328608486,-0.08930958070544232,-0.0038396391579881323,-0.06415333910881954
